Candace,Bure,000-000-0000,candace_bure@someuniversity.edu,C:\\data\\images\\candace_bure.jpg
Mark,Hubbard,000-000-0000,mark_hubbard@someuniversity.edu,C:\\data\\images\\mark_hubbard.jpg
Tony,Stark,000-000-0000,tony_stark@someuniversity.edu,C:\\data\\images\\tony_stark.jpg
Beverly,Mitchell,000-000-0000,beverly_mitchell@someuniversity.edu,C:\\data\\images\\beverly_mitchell.jpg